214023	17	285192
522212	131224	447482
120076	302	626846
483276	379	347525
483276	379	285192
483276	379	326540
483276	379	574479
618507	407	629526
464972	131506	17591
219966	131506	65863
219966	131506	301926
148966	768	59612
245972	131842	56480
603277	131881	568935
435503	819	344779
209655	819	582091
106530	131932	346148
284387	131932	581738
106023	131932	346148
292092	131932	433612
526717	131932	581738
416436	132014	413664
211814	132055	74113
211814	132055	496227
211814	132055	40171
483276	1116	347525
483276	1116	285192
483276	1116	326540
483276	1116	574479
589756	132229	301078
622154	132982	418982
622154	132982	438065
622154	132982	303576
113232	133012	413749
326992	2016	627397
115379	2016	5221
282555	2163	438146
247653	133698	135204
619700	133698	140102
482828	2732	138404
482828	2732	108975
482828	2732	74159
477716	2732	303426
477716	2732	301926
477716	2732	310246
477716	2732	322054
477716	2732	623337
477716	2732	323915
477716	2732	297580
477716	2732	100237
477716	2732	43633
477716	2732	628314
477716	2732	44438
477716	2732	321914
477716	2732	294939
477716	2732	615581
477716	2732	576251
600758	2732	625583
589364	2732	440962
589364	2732	128324
589364	2732	61066
589364	2732	297580
589364	2732	443786
589364	2732	47733
589364	2732	628314
90618	2732	625583
117987	133831	611388
611388	133831	48469
614765	133833	413134
9042	133833	502248
436208	396011	34291
371263	134714	343580
523119	4077	301926
591291	4077	301926
591291	4077	9800
219966	4077	65863
219966	4077	301926
219966	135167	65863
219966	135167	301926
472198	135204	447482
163473	135204	445098
82354	4137	37546
82354	4137	45933
524296	135267	609105
553970	135267	343580
585594	135455	312787
81483	4397	285958
81483	4397	279315
81483	4397	449204
81483	4397	582203
477986	4543	415191
477986	4543	344805
477986	4543	346021
477986	4543	413709
477986	4543	16657
477986	4543	20274
477986	4543	435795
477986	4543	575473
477986	4543	17591
477986	4543	559835
477986	4543	101823
323516	4543	10086
323516	4543	40807
323516	4543	44968
323516	4543	347525
323516	4543	315408
323516	4543	69937
323516	4543	63091
323516	4543	627735
323516	4543	608374
323516	4543	17591
323516	4543	11193
323516	4543	101823
334514	4543	581865
334514	4543	103601
334514	4543	17591
334514	4543	60120
82455	135737	577445
82455	135737	624158
82455	135737	108247
222047	4811	49763
84152	5660	629133
84152	5660	422644
360261	137304	578693
107498	399563	54517
449514	137776	21828
449514	137776	308134
449514	137776	440838
449514	137776	27626
449514	137776	432459
449514	137776	248908
449514	137776	574349
449514	137776	341104
449514	137776	439985
449514	137776	442107
449514	137776	446463
613609	6940	443420
624686	138404	628178
603912	7593	574479
108953	139073	12299
453121	139323	443489
253222	139323	306566
145388	139323	443489
364567	139323	443489
84152	139659	629133
84152	139659	422644
613003	139774	436496
75333	8858	623337
472172	8858	17591
525970	8858	17591
219966	8858	65863
219966	8858	301926
224783	140102	330523
224783	140102	239555
280211	140102	244591
143156	140102	295304
143156	140102	330523
93781	140102	330523
93781	140102	239555
619700	140102	239555
553970	9298	343580
592683	140700	449245
591291	9800	295170
591291	9800	301926
591291	9800	331655
591291	9800	30764
299813	140938	74113
299813	140938	53218
299813	140938	317448
299813	140938	580622
299813	140938	233074
434604	140938	345544
440520	141002	32141
111062	141002	578712
90041	141002	307046
483276	10086	347525
483276	10086	285192
483276	10086	326540
483276	10086	574479
323516	10086	347525
323516	10086	17591
159610	11193	347525
323516	11193	347525
323516	11193	17591
613365	404892	102989
163173	12299	349228
456464	12299	617593
234679	12299	507234
234679	12299	41607
234679	12299	48520
234679	12299	413709
234679	12299	18007
222047	13063	49763
571827	13148	130392
319987	13148	334185
286887	13303	426139
286887	13303	341630
291862	13303	426139
172163	13388	298039
234624	14421	444631
333388	14421	443420
233868	14691	622499
540096	15250	72939
219966	15250	65863
219966	15250	301926
324732	15267	307371
464972	15506	17591
219966	15773	65863
219966	15773	301926
439362	409007	22216
325232	15792	579063
286105	15951	414665
286105	15951	28990
286105	15951	579039
607230	15951	581860
607230	15951	26166
607230	15951	245240
618043	16039	580296
477986	16657	415191
477986	16657	344805
477986	16657	346021
477986	16657	101823
477986	16657	413709
477986	16657	575473
477986	16657	20274
477986	16657	435795
477986	16657	17591
477986	16657	559835
219966	16657	65863
219966	16657	301926
516567	279187	448640
79510	17110	434384
116139	279315	307371
155479	17184	20969
155479	17184	21654
311856	17184	20969
172561	17184	438371
172561	17184	305812
327827	17184	99200
327827	17184	309090
327827	17184	445858
327827	17184	347368
327827	17184	620234
327827	17184	26894
327827	17184	313176
327827	17184	308022
327827	17184	32024
327827	17184	325596
327827	17184	29342
481335	17184	288069
481335	17184	439253
453402	17184	288069
320284	17184	21056
320284	17184	445874
320284	17184	329587
320284	17184	327709
320284	17184	325599
214023	279389	285192
477986	17591	344805
477986	17591	346021
477986	17591	101823
477986	17591	413709
477986	17591	20274
477986	17591	435795
477986	17591	575473
477986	17591	415191
477986	17591	559835
323516	17591	347525
323516	17591	315408
323516	17591	627735
323516	17591	44968
323516	17591	69937
323516	17591	101823
323516	17591	40807
323516	17591	63091
323516	17591	608374
464972	17591	626433
464972	17591	40199
464972	17591	315408
464972	17591	575013
464972	17591	612527
464972	17591	578738
464972	17591	582203
464972	17591	323516
464972	17591	613565
464972	17591	618043
464972	17591	101823
464972	17591	607299
464972	17591	17867
464972	17591	18007
464972	17591	104292
464972	17591	302322
313198	17591	344805
313198	17591	73374
236721	17591	73374
334514	17591	581865
334514	17591	103601
334514	17591	60120
306652	17591	43633
306652	17591	628052
599237	17757	45568
599237	17757	125628
599237	17757	103525
599237	17757	327241
599237	17757	98507
599237	17757	617687
599237	17757	562943
234679	18007	507234
234679	18007	41607
234679	18007	48520
234679	18007	413709
219966	18007	65863
219966	18007	301926
586775	280253	568935
586775	280253	442482
441711	280665	328671
588538	280665	324221
383360	281217	235709
383360	281217	32511
383360	281217	333419
383360	281217	615119
460421	281217	235709
460421	281217	441216
460421	281217	333419
460421	281217	613769
460421	281217	615119
540715	281217	441216
540715	281217	231972
540715	281217	613769
540715	281217	334325
144178	281217	237989
144178	281217	333419
144178	281217	615119
144178	281217	576471
292889	281217	235709
292889	281217	32511
292889	281217	302530
292889	281217	231972
292889	281217	320933
292889	281217	615119
292889	281217	447538
94400	281778	425292
94400	281778	353302
585632	281778	322209
585632	281778	616999
438540	281778	241986
95028	281778	416928
95028	281778	322760
87254	281778	349696
87254	281778	319333
87254	281778	616298
87254	281778	449659
87254	281778	306163
87254	281778	607230
87254	281778	245240
87254	281778	325689
87254	281778	318939
87254	281778	314558
475410	413134	441210
455254	413134	112421
455254	413134	440534
595117	282167	349011
594414	282167	240505
8442	413336	347653
95021	20210	448439
208165	413430	442425
431893	413430	34632
477986	20274	415191
477986	20274	344805
477986	20274	346021
477986	20274	413709
477986	20274	435795
477986	20274	575473
477986	20274	559835
477986	20274	101823
481107	413594	38592
321817	413594	442482
321817	413594	626424
298236	413594	440792
477986	413709	415191
477986	413709	344805
477986	413709	346021
477986	413709	101823
477986	413709	435795
477986	413709	575473
477986	413709	559835
234679	413709	507234
234679	413709	41607
234679	413709	48520
298272	20517	622834
592521	20517	323423
117888	413749	46521
113232	413749	50396
113232	413749	581375
93975	413749	100441
76944	413831	231445
76944	413831	338799
85328	413831	306163
245815	414143	108911
539483	414143	108911
284893	414143	108911
464875	414143	108911
108911	414143	337385
108911	414143	426449
301571	414158	353302
180953	20969	129727
586775	21006	568935
586775	21006	442482
171226	21017	610669
451075	414469	620871
451075	414469	449245
113180	414469	32235
113180	414469	46128
113180	414469	36115
113180	414469	35828
113180	414469	343291
366666	21261	22216
460488	21299	607219
297124	414531	302275
179093	283505	252730
149901	283558	622189
242861	283558	623658
242861	283558	608555
242861	283558	327229
242861	283558	621136
242861	283558	621949
528145	283558	438146
372691	283558	612971
372691	283558	616845
372691	283558	330453
82587	283558	621136
452575	283558	623658
440925	21418	443164
440925	21418	445444
570888	21629	418206
570888	21629	32511
177331	21632	326523
172163	21666	298039
84152	21666	629133
84152	21666	422644
468680	283828	436496
451075	21821	620871
451075	21821	449245
360014	21821	304903
360014	21821	437333
360014	21821	422175
620759	21821	440534
449514	21828	308134
449514	21828	440838
449514	21828	27626
449514	21828	432459
449514	21828	248908
449514	21828	574349
449514	21828	341104
449514	21828	439985
449514	21828	442107
449514	21828	446463
477986	415191	344805
477986	415191	346021
477986	415191	101823
477986	415191	435795
477986	415191	575473
477986	415191	559835
304210	415191	40060
219966	415191	65863
219966	415191	301926
583112	284324	327251
449336	284324	306192
324260	22181	574504
324260	22181	607219
324260	22181	332758
296678	22216	98471
296678	22216	30953
296107	22216	30953
79362	22271	443489
166757	22271	443489
223618	415512	445075
164845	22354	448640
164845	22354	339480
164845	22354	331421
164845	22354	446623
164845	22354	319009
164845	22354	318119
164845	22354	447786
164845	22354	442284
164845	22354	312632
164845	22354	448323
164845	22354	448454
164845	22354	612550
164845	22354	577996
164845	22354	444115
164845	22354	305237
164845	22354	446812
164845	22354	23516
164845	22354	571877
164845	22354	443883
164845	22354	560114
164845	22354	98164
164845	22354	443893
164845	22354	623989
164845	22354	330745
311413	22354	312787
623989	22354	312787
442847	22354	312787
280944	22356	108892
82253	22387	101639
82253	22387	419434
82253	22387	297580
82253	22387	620343
621380	22444	104688
589731	415660	328727
376332	415660	328727
617211	415660	436496
617211	415660	328727
613372	415700	331401
613372	415700	338799
613372	415700	326224
613372	415700	321910
613372	415700	448151
613372	415700	446588
613372	415700	440829
286886	22541	312950
96967	22541	337611
326818	415845	418982
326818	415845	574414
286200	415845	304847
333322	415845	304847
614218	415845	123573
482544	415845	352919
94045	415845	581688
368039	284847	621949
117128	284847	621949
285884	284847	25613
376921	284847	622683
381435	284847	621949
592797	284847	616229
592797	284847	577818
440456	22729	348628
440456	22729	29144
440456	22729	425404
596823	22729	614393
281217	22733	32168
281217	22733	33576
281217	22733	235709
281217	22733	32511
614673	416018	307488
614673	416018	338434
324260	22808	574504
324260	22808	332758
324260	22808	607219
92185	22808	318061
77269	285010	447451
461117	285078	608555
461117	285078	327229
570648	23005	348794
455254	23005	112421
455254	23005	440534
333592	23005	112421
483276	285192	303138
483276	285192	347525
483276	285192	253319
483276	285192	326540
483276	285192	447469
483276	285192	574479
483276	285192	444977
483276	285192	575473
483276	285192	577073
483276	285192	608374
483276	285192	332733
214023	285192	285888
214023	285192	289536
214023	285192	301922
214023	285192	310246
214023	285192	40807
214023	285192	100237
214023	285192	625583
214023	285192	233074
214023	285192	426483
214023	285192	36788
214023	285192	557809
214023	285192	44438
214023	285192	580817
214023	285192	611389
538698	416359	301788
85593	416361	448938
85593	416361	419434
85593	416361	323803
77103	416375	322320
177104	416375	326902
226992	416375	573346
535600	416375	232353
171861	416375	326902
229847	416375	326902
460508	416375	326902
164845	23516	448640
164845	23516	339480
164845	23516	331421
164845	23516	446623
164845	23516	319009
164845	23516	318119
164845	23516	447786
164845	23516	442284
164845	23516	312632
164845	23516	448323
164845	23516	448454
164845	23516	612550
164845	23516	577996
164845	23516	444115
164845	23516	305237
164845	23516	446812
164845	23516	571877
164845	23516	443883
164845	23516	560114
164845	23516	98164
164845	23516	443893
164845	23516	623989
164845	23516	330745
147509	23516	442148
183240	23600	354109
183240	23600	250860
183240	23600	607219
538698	23600	301788
479695	23600	607151
98664	416910	427081
98664	416910	347062
98664	416910	422751
98664	416910	433913
115533	416910	24396
115533	416910	305753
380042	416917	578392
440852	416917	443489
95021	416928	448439
180262	24041	444474
523972	286204	440793
523972	286204	623190
448613	286204	290466
174901	286204	576128
174901	286204	439686
174901	286204	322760
174901	286204	448969
174901	286204	570607
174901	286204	304944
174901	286204	310736
174901	286204	315698
174901	286204	607230
174901	286204	429367
174901	286204	609816
174901	286204	440829
174901	286204	440286
455129	286204	290466
535600	286315	232353
245240	24184	306163
475410	286371	441210
470778	286371	301078
589756	286371	301078
147630	24272	333570
589731	24367	328727
590566	24367	328727
450444	24367	620532
450444	24367	347065
445168	24367	98515
319217	24367	317380
455254	24400	112421
455254	24400	440534
299063	24400	336098
299063	24400	112421
183240	417616	354109
183240	417616	250860
183240	417616	607219
303472	417616	419518
621412	24474	311752
542327	286623	297878
562212	24512	31788
572872	24512	31788
581136	417809	424918
237853	417809	424918
566957	417858	490109
471361	417858	308062
585934	286825	28240
585934	286825	311715
362276	417906	448795
362949	417906	448687
362949	417906	103903
362949	417906	104688
180953	24694	129727
178287	417921	330222
524577	286851	623658
524577	286851	324816
443028	286851	443786
443028	286851	436459
443028	286851	608555
443028	286851	317806
443028	286851	622683
443028	286851	621949
161597	286964	608555
447211	286964	449665
447211	286964	334475
447211	286964	297754
447211	286964	334118
447211	286964	318260
447211	286964	327229
447211	286964	317247
447211	286964	333504
447211	286964	614594
447211	286964	324676
447211	286964	330453
447211	286964	622683
447211	286964	312286
447211	286964	618212
447211	286964	322280
447211	286964	317806
447211	286964	626042
447211	286964	314235
86460	286964	626149
603649	418206	447538
570888	418206	32511
104318	418229	44738
468303	25020	250860
81937	25020	250860
570648	25020	348794
449979	25020	337602
449979	25020	313995
449979	25020	326224
449979	25020	439025
449979	25020	435670
219966	25231	65863
219966	25231	301926
77769	25248	107491
619552	287478	560229
82487	25462	290466
284847	25613	621949
468945	287791	301892
468945	287791	326184
468945	287791	622313
255457	25716	41055
613609	25716	443420
287721	418982	574504
298332	418982	306163
481335	288069	439253
287721	25926	574504
535600	288070	232353
551707	419246	573774
183240	419246	354109
183240	419246	250860
183240	419246	607219
583256	288192	607613
613609	26082	443420
177675	26082	316517
177675	26082	240294
177675	26082	323351
598593	26121	614393
588804	26121	614393
479235	26166	301788
324260	26166	574504
324260	26166	607219
324260	26166	332758
445216	26171	312051
445216	26171	326540
82253	419434	620343
85593	419434	448938
85593	419434	323803
592738	26247	438528
592738	26247	308519
592738	26247	447871
592738	26247	581100
592738	26247	29851
592738	26247	446431
445303	26247	439985
485123	419518	354109
613003	26361	436496
446066	288565	623658
446066	288565	317806
446066	288565	291984
446066	288565	613296
446066	288565	314354
446066	288565	621719
446066	288565	324958
356468	26441	445303
178794	288726	440528
178682	288726	609549
183868	288726	621958
333553	26874	330523
327827	26894	308022
596823	420116	614393
311413	27023	312787
281765	420307	624936
543498	289537	313820
543498	289537	244591
522064	289537	317807
150465	289557	617913
150465	289557	319027
150465	289557	294388
150465	289557	321045
620296	420659	312950
449514	27626	308134
449514	27626	440838
449514	27626	432459
449514	27626	248908
449514	27626	574349
449514	27626	341104
449514	27626	439985
449514	27626	446463
449514	27626	442107
520010	289864	306508
520010	289864	307884
520554	289864	573774
362949	27809	448687
362949	27809	103903
362949	27809	104688
282384	27809	103903
311102	421045	343580
589731	421084	328727
600250	421176	448439
369156	27989	576870
592683	28040	449245
592030	290239	442890
592030	290239	250860
592030	290239	318061
453387	421380	444432
453387	421380	626149
537931	421380	302275
144427	421441	448795
585934	28240	311715
453387	421489	444432
453387	421489	626149
301741	421489	329287
311413	421489	312787
152291	290466	607151
77898	290466	318061
77898	290466	607151
77898	290466	306555
361777	421708	448640
331968	28495	441016
331968	28495	448969
98164	421721	344113
85137	28530	312984
247712	28538	306508
523400	28538	306508
287924	28538	314558
439969	28640	443800
439969	290887	443800
179490	290887	443288
282384	28745	103903
143137	421988	315220
436401	421988	349132
115078	28853	55504
115078	28853	249709
558309	28853	240505
472721	28853	103187
360014	422175	437333
360014	422175	304903
144427	29042	448795
85328	422269	306163
588538	422269	324221
165069	29112	102989
165069	29112	67932
440456	29144	348628
440456	29144	425404
453387	422454	444432
453387	422454	626149
251170	422462	333570
328671	29262	34734
373520	29332	336098
327827	29342	308022
439351	29342	562099
623362	422644	330259
84152	422644	613036
84152	422644	629133
84152	422644	347928
84152	422644	58169
322625	422751	344715
322625	422751	574706
99696	422751	344715
178287	291718	330222
513012	29710	442425
313739	29794	627735
149901	291984	622189
446066	291984	623658
446066	291984	317806
446066	291984	613296
446066	291984	314354
446066	291984	621719
446066	291984	324958
587679	291984	622189
592738	29851	438528
592738	29851	308519
592738	29851	447871
592738	29851	581100
592738	29851	446431
218229	423100	425090
179093	292308	252730
522404	30192	626149
480994	292351	330222
173711	292351	442835
173711	292351	306845
144427	423547	448795
613609	344735	443420
592683	30586	449245
441524	30667	617780
531678	30667	442683
471046	292840	293819
455846	292840	445874
455846	292840	246363
606377	292840	436459
606377	292840	622834
606377	292840	300756
606377	292840	309524
606377	292840	436308
606377	292840	305688
606377	292840	438393
606377	292840	326524
606377	292840	314143
543952	292840	622834
516954	292840	309524
591291	30764	301926
282258	30792	98786
440338	292949	621105
311413	424050	312787
162102	424050	442683
609707	424121	310628
441416	30929	579618
512990	30929	579618
460905	30929	350822
230826	30944	310562
78357	31040	442081
449087	293228	313013
441983	293228	232353
463540	293228	313013
89049	293228	313013
175743	293228	313013
439984	424323	573774
471361	31132	308062
297589	555432	324499
536988	555432	493135
216153	293313	616540
82354	31178	37546
82354	31178	45933
236253	31178	577984
236253	31178	432335
255753	555529	252730
442707	555529	570888
443829	555529	252730
242947	31312	99004
322871	31312	439538
322871	31312	104515
322871	31312	308302
572142	424595	429926
440835	555675	308022
440046	31448	623658
440046	31448	621949
319217	31448	317380
521496	31448	608555
79176	31452	301289
550740	31452	318669
324345	31500	108422
294824	31675	568935
532048	424918	336197
532048	424918	351289
237853	424918	351289
237853	424918	345820
479235	31726	301788
452184	424958	348794
333419	556069	613769
333419	556069	231972
451507	556069	130090
441212	556069	333419
91438	31785	432935
314963	31785	329940
586775	31809	568935
586775	31809	442482
604574	556160	444631
531863	425090	300756
383942	425090	232529
592399	425090	331448
211187	425090	326962
229462	425090	108152
362142	425090	323629
513295	294029	236068
246679	31910	578521
441416	425128	579618
588538	425128	324221
441249	31913	439749
441249	31913	620871
441249	31913	612437
441249	31913	612183
255753	425134	252730
271722	425134	572179
327827	32024	308022
236253	32024	577984
236253	32024	432335
92185	425292	318061
144429	425292	112421
211763	425292	448969
211763	425292	329940
81485	425293	325531
440026	425293	331736
96866	32141	236999
322730	32141	581800
596823	32156	614393
281217	32168	33576
281217	32168	235709
281217	32168	32511
148379	32179	607219
254169	32179	607219
254169	32179	429685
254169	32179	324221
440456	425404	348628
113180	32235	46128
113180	32235	36115
113180	32235	35828
113180	32235	343291
150465	294388	319027
150465	294388	321045
150465	294388	617913
362949	32346	448687
362949	32346	103903
362949	32346	104688
75216	32346	305048
207703	32346	442081
207703	32346	104688
207703	32346	345398
441400	32346	103903
362949	32356	448687
362949	32356	103903
362949	32356	104688
592683	32356	449245
383469	32356	438728
282384	32356	103903
372632	32356	345398
173711	32423	442835
173711	32423	306845
383821	32438	104688
383360	32511	333419
281217	32511	33576
281217	32511	235709
447427	32511	33576
524520	32553	447451
296639	32674	447626
511327	425992	442081
473425	425992	448017
473425	425992	448077
473425	425992	439053
477716	294939	301926
477716	294939	623337
74807	32894	618015
442307	295045	331852
448566	295045	444691
448566	295045	439823
216153	295059	616540
286887	426139	507489
286887	426139	99723
286887	426139	60467
286887	426139	341630
291862	426139	349641
291862	426139	99723
268549	32948	129727
612212	557253	577984
591291	295170	301926
219966	295170	65863
219966	295170	301926
553848	295304	609105
553848	295304	447482
453387	426388	444432
453387	426388	626149
309230	33210	337915
6743	33210	579618
6743	33210	339863
309755	33210	337915
108911	426449	337385
595791	426449	573774
333388	33298	443420
330710	33298	443420
283558	557595	622189
615698	557595	438146
294824	33517	568935
464309	295695	308186
470940	426779	301788
143384	426779	301788
143384	426779	573774
617388	557856	351106
594414	557856	240505
281217	33576	235709
447427	33576	613769
231972	33576	560138
219581	33576	620234
326037	33798	301788
113925	558146	321849
363975	427081	447871
242411	427081	498531
365606	34105	448938
365606	34105	442107
365606	34105	311421
85603	34106	304077
522404	296308	626149
321817	427430	442482
321817	427430	626424
276829	34299	572179
453387	558619	444432
453387	558619	626149
253222	558619	306566
621152	558619	611947
621152	558619	445519
459332	558628	448640
459332	558628	571877
459332	558628	444655
459332	558628	330745
459332	558628	306365
459332	558628	607230
311413	558628	312787
299255	34632	442425
295420	34632	442425
211763	296842	448969
211763	296842	329940
478151	427929	105782
598323	34734	441537
328671	34734	345518
311413	428042	312787
605824	35086	306508
479872	35086	301788
441416	35086	579618
284210	428368	440031
278463	428368	440031
289473	428373	579063
589731	35183	328727
590566	35183	328727
147113	35233	65863
520984	35252	448787
520984	35252	317386
520984	35252	311939
598112	428521	444432
510702	428521	444432
554357	428521	444432
326987	297452	560229
318548	35342	492934
318548	35342	311605
318548	35342	103836
471361	35347	308062
569283	35347	40996
444123	35356	342684
82253	297580	620343
477716	297580	301926
477716	297580	623337
589364	297580	61066
589364	297580	47733
219966	297580	65863
219966	297580	301926
372632	428657	345398
543495	297621	37641
595117	297621	349011
87619	428693	432413
302929	428693	432413
297081	428693	105782
439710	428748	334736
477986	559835	344805
477986	559835	346021
477986	559835	101823
477986	559835	435795
477986	559835	575473
447211	297754	327229
93388	297754	619911
93388	297754	617652
93388	297754	614806
535600	297754	232353
82587	297754	621136
236253	428863	577984
236253	428863	432335
453632	297878	319367
439457	297878	332733
451175	297878	443890
524495	297878	319367
605939	297878	319367
439764	297878	349641
439764	297878	616016
542327	297878	311950
590257	428956	306120
455254	428956	112421
455254	428956	440534
311413	35741	312787
322621	428958	574270
448329	35822	328727
210505	560114	320537
447956	560114	569527
164845	560114	448640
164845	560114	339480
164845	560114	331421
164845	560114	446623
164845	560114	319009
164845	560114	318119
164845	560114	447786
164845	560114	442284
164845	560114	312632
164845	560114	448323
164845	560114	448454
164845	560114	612550
164845	560114	577996
164845	560114	444115
164845	560114	305237
164845	560114	446812
164845	560114	571877
164845	560114	443883
164845	560114	98164
164845	560114	443893
164845	560114	623989
164845	560114	330745
448111	560114	568935
448111	560114	577980
311413	560114	312787
617388	429043	351106
453387	35828	444432
453387	35828	626149
562712	35828	439803
113180	35828	46128
113180	35828	36115
113180	35828	343291
439351	560138	562099
598879	35872	312873
172163	298039	66068
298332	429141	306163
217697	560229	236062
326987	560229	319203
450196	560229	238783
144408	560229	69706
144408	560229	236683
297621	36115	37641
113180	36115	46128
113180	36115	343291
174901	429367	576128
174901	429367	448969
162585	560489	611800
162585	560489	610669
617211	560489	436496
617211	560489	328727
254169	429685	442819
254169	429685	627172
254169	429685	333929
254169	429685	442089
254169	429685	439919
254169	429685	607219
254169	429685	311227
254169	429685	315548
254169	429685	324221
238938	429685	108080
238938	429685	578110
238938	429685	574414
286236	429685	59641
286236	429685	339694
286236	429685	318669
612829	429685	342595
620296	429926	312950
23005	429926	348794
230828	36754	494489
626433	36788	49763
464828	561452	607180
360581	37458	448687
298332	430726	306163
282693	37546	98786
282693	37546	68092
282693	37546	50141
20976	37546	60843
82354	37546	38592
82354	37546	341603
82354	37546	615655
82354	37546	442731
82354	37546	575628
82354	37546	45933
82354	37546	613036
82354	37546	40597
82354	37546	340122
82354	37546	108892
580504	37546	128246
293177	37546	615655
293177	37546	442731
293177	37546	613036
293177	37546	441039
293177	37546	68092
421053	37546	60843
248190	37546	60843
116399	430851	41055
154352	430851	41055
297621	37641	249709
297621	37641	103187
297621	37641	105459
297621	37641	71774
243975	562099	610744
243975	562099	325577
571226	562099	231972
626433	562231	49763
285171	562288	448549
142775	562288	577181
481213	431437	448439
361000	431628	446680
86096	562730	581683
570659	562850	103926
82354	38592	45933
448390	38592	45933
305383	38592	45933
592521	300756	323423
520503	300756	323423
599237	562943	45568
599237	562943	103525
599237	562943	327241
599237	562943	98507
599237	562943	617687
599237	562943	125628
183240	300934	354109
183240	300934	250860
183240	300934	607219
324260	300936	574504
324260	300936	607219
324260	300936	332758
79884	301026	352910
586765	301026	337079
525094	301026	107491
525094	301026	337107
525094	301026	67229
334631	301026	337107
154822	301026	352766
89562	301026	307658
90472	301026	337602
90472	301026	97006
86638	301026	576214
229620	301026	337107
229620	301026	337079
229620	301026	344409
293499	301026	338629
293499	301026	104453
293499	301026	343723
358708	301071	609105
311102	301071	343580
179814	432174	312512
179814	432174	337633
74961	432174	338308
615810	301157	574706
311413	301157	312787
476700	301157	449659
583297	432233	317380
583297	432233	349266
595845	432233	317380
319217	432233	317380
316047	301223	439893
621066	432335	102996
362389	432335	628822
558869	432335	578670
240920	432335	580742
472500	432335	305120
236253	432335	577984
368495	432335	354107
595117	301306	349011
297081	432413	105782
329610	301350	303117
296500	301350	573788
449514	432459	308134
449514	432459	440838
449514	432459	248908
449514	432459	574349
449514	432459	341104
449514	432459	439985
449514	432459	442107
449514	432459	446463
236297	432505	329940
483360	301445	442104
460122	301445	449245
311413	301489	312787
479872	301593	301788
183311	301617	59937
465031	301645	448513
453387	301645	444432
453387	301645	626149
479872	301788	308761
479872	301788	574738
479235	301788	448768
538698	301788	349696
538698	301788	327178
538698	301788	626987
538698	301788	577997
538698	301788	314223
538698	301788	338799
538698	301788	445392
538698	301788	615953
538698	301788	440502
538698	301788	327352
538698	301788	608092
224884	301788	445387
281365	301788	339193
143384	301788	573774
448391	563971	620871
528689	432935	612514
528689	432935	308893
91438	432935	445811
91438	432935	449659
468945	301892	326184
468945	301892	622313
480507	301892	625188
612593	301926	102444
477716	301926	322054
477716	301926	100237
477716	301926	44438
477716	301926	615581
477716	301926	303426
477716	301926	323915
477716	301926	628314
477716	301926	310246
477716	301926	623337
477716	301926	43633
477716	301926	321914
477716	301926	576251
591291	301926	331655
219966	301926	99224
219966	301926	336683
219966	301926	102444
219966	301926	108975
219966	301926	578738
219966	301926	323516
219966	301926	340286
219966	301926	615107
219966	301926	65863
219966	301926	581865
219966	301926	43633
219966	301926	48370
219966	301926	233074
287583	433037	568935
162102	39824	442683
452575	564190	623658
589731	302062	328727
365638	302062	328727
289512	302062	447924
181612	302062	349862
290033	302062	328727
609038	433151	56778
609038	433151	51052
539554	607151	617121
77898	607151	318061
77898	607151	306555
77898	607151	582268
77898	607151	328671
479695	607151	347650
479695	607151	311427
479695	607151	577997
479695	607151	316590
479695	607151	349807
479695	607151	439986
479695	607151	625455
479695	607151	621045
479695	607151	306776
537557	607151	443649
537557	607151	322473
537557	607151	579305
537557	607151	317291
537557	607151	565371
537557	607151	324757
537557	607151	245240
537557	607151	340122
537557	607151	312347
537557	607151	574270
537557	607151	328671
243927	302275	578278
567680	40171	352805
211814	40171	74113
211814	40171	496227
238570	40171	306287
355878	302356	448687
362380	302356	103903
90274	302391	322316
90274	302391	306365
283653	433478	312512
478836	433478	442802
445757	433478	437500
367046	302424	448795
254495	302458	437059
618430	564603	581683
441212	302530	333419
333892	302537	445075
85039	302537	612550
183240	433612	250860
183240	433612	607219
183240	433612	354109
530637	433612	306508
322810	433612	438863
311413	302713	312787
620759	302739	440534
311413	302739	312787
82354	40597	45933
542086	302761	617780
281664	302840	318669
524577	302840	623658
524577	302840	324816
585096	302840	449133
282258	433913	98786
311413	302865	312787
623989	302865	312787
321817	302865	442482
321817	302865	626424
442847	302865	312787
234712	565028	574504
323516	40807	347525
449842	434024	441611
93999	565134	59937
473692	565134	100328
173711	303060	442835
173711	303060	306845
440187	303117	448687
483276	303138	347525
483276	303138	326540
483276	303138	574479
75563	40996	308062
90966	303176	568935
321817	303176	442482
321817	303176	626424
171678	303176	112421
171678	303176	626424
604193	303240	438728
377763	303240	438728
362949	303240	448687
362949	303240	103903
362949	303240	104688
356580	303240	442081
92489	303240	442081
92489	303240	105004
81883	303240	442081
81883	303240	104688
459796	434384	625388
451075	434463	620871
451075	434463	449245
74391	434463	442148
383071	434463	442148
477716	303426	623337
211763	303437	448969
211763	303437	329940
293422	303547	611204
221954	303574	323629
80908	303738	342684
535600	303749	232353
531457	41607	319265
531457	41607	46392
531457	41607	333773
531457	41607	442482
531457	41607	53907
531457	41607	623574
531457	41607	328671
117510	41607	71774
117510	41607	61066
421422	41607	350480
234679	41607	507234
234679	41607	48520
620639	41607	627565
162680	303770	442425
442307	303931	331852
319805	303931	448439
568964	566135	569145
562934	566135	569145
449737	304077	442148
363941	304112	581100
363941	304112	441820
441659	566321	250838
81072	566456	437402
211763	304408	448969
211763	304408	329940
620023	607613	336683
532431	435670	112421
449979	435670	337602
449979	435670	313995
449979	435670	326224
449979	435670	439025
553970	42475	343580
560921	42475	343580
311102	42475	343580
477986	435795	344805
477986	435795	346021
477986	435795	101823
477986	435795	575473
618462	304733	444631
173499	304733	444631
328115	42749	98786
328115	42749	629133
519047	304900	620871
591216	304900	571877
360014	304903	437333
519336	304944	331852
288847	304944	576128
174901	304944	576128
174901	304944	448969
620759	304944	440534
81916	304944	576128
81916	304944	318146
81916	304944	333929
81916	304944	444750
331565	567161	60048
331565	567161	101076
282384	305048	103903
299206	305048	105004
81883	305048	442081
81883	305048	104688
383469	305048	438728
311413	305070	312787
76863	305120	440199
441220	436308	621949
167945	436308	620343
167945	436308	327229
167945	436308	621949
164845	305237	448640
164845	305237	339480
164845	305237	331421
164845	305237	446623
164845	305237	319009
164845	305237	318119
164845	305237	447786
164845	305237	442284
164845	305237	312632
164845	305237	448323
164845	305237	448454
164845	305237	612550
164845	305237	577996
164845	305237	444115
164845	305237	446812
164845	305237	571877
164845	305237	443883
164845	305237	98164
164845	305237	443893
164845	305237	623989
164845	305237	330745
443028	436459	443786
443028	436459	608555
443028	436459	317806
443028	436459	622683
443028	436459	621949
468680	436496	575013
613003	436496	340286
613003	436496	46521
617211	436496	325254
617211	436496	246759
617211	436496	349862
617211	436496	350184
617211	436496	612527
617211	436496	387701
617211	436496	449365
617211	436496	328727
617211	436496	331448
617211	436496	449086
613609	436499	443420
295171	305456	574504
295171	305456	338799
92185	305456	318061
439969	305712	443800
282258	305753	98786
620093	305753	443420
477716	43633	623337
219966	43633	65863
539039	437059	621049
467935	437059	311824
467935	437059	442148
467935	437059	319374
254495	437059	446369
254495	437059	615195
487759	437059	442148
87697	437059	442148
598354	437059	442148
74805	437059	101324
74805	437059	442148
74805	437059	234134
362949	306120	448687
362949	306120	103903
362949	306120	104688
453387	306120	444432
453387	306120	626149
282384	306120	103903
207703	306120	345398
207703	306120	442081
207703	306120	104688
311413	306120	312787
455254	306120	112421
455254	306120	440534
123459	306158	312787
328601	306158	448640
328601	306158	442802
245240	306163	99032
85328	306163	97824
85328	306163	349696
85328	306163	311951
85328	306163	612443
85328	306163	314558
87254	306163	349696
87254	306163	319333
87254	306163	245240
87254	306163	616298
87254	306163	449659
87254	306163	607230
87254	306163	325689
87254	306163	318939
87254	306163	314558
593911	306163	333304
593911	306163	616298
593911	306163	348619
593911	306163	438959
593911	306163	442482
593911	306163	573974
593911	306163	318939
298332	306163	108195
279781	306192	317934
283978	44058	574479
306833	44058	66068
288582	437333	69791
383469	437333	438728
207703	437333	345398
207703	437333	442081
207703	437333	104688
81072	437402	336487
81072	437402	313035
90274	306365	322316
90274	306365	442284
90274	306365	102990
90274	306365	314446
90274	306365	577996
90274	306365	620182
459332	306365	448640
459332	306365	571877
459332	306365	444655
459332	306365	330745
459332	306365	607230
283653	437500	312512
362949	306440	103903
362949	306440	448687
362949	306440	104688
355878	306440	448687
600229	306440	438728
362380	306440	103903
77613	44301	326524
178287	306461	330222
603912	568614	574479
324757	306494	449661
599654	306508	339193
599654	306508	574121
520010	306508	326376
520010	306508	317323
520010	306508	307884
520010	306508	438863
531765	306508	439360
77898	306555	318061
77898	306555	582268
77898	306555	328671
253222	306566	446145
253222	306566	614536
253222	306566	623915
253222	306566	334733
253222	306566	449133
253222	306566	609517
253222	306566	623341
253222	306566	627122
253222	306566	445781
253222	306566	107318
253222	306566	439958
253222	306566	306904
443334	306566	445781
287275	306566	238652
380878	306566	609517
367924	306566	609517
291257	306566	446145
88058	306566	333850
477716	44438	623337
311413	306631	312787
439969	568813	443800
144789	568813	443800
157343	568813	328727
95021	306684	448439
481213	306684	448439
282258	306694	98786
561912	568893	448969
120257	568935	441805
120257	568935	615953
116391	568935	321817
294824	568935	345972
294824	568935	582140
603277	568935	445526
603277	568935	579643
603277	568935	328671
448111	568935	620296
448111	568935	337555
448111	568935	321817
448111	568935	577980
586775	568935	307205
586775	568935	102127
586775	568935	311951
586775	568935	442482
586775	568935	444691
586775	568935	329631
90966	568935	623989
90966	568935	329631
287583	568935	625318
287583	568935	307850
287583	568935	441805
287583	568935	622797
287583	568935	579643
287583	568935	328671
157343	306842	328727
163187	306842	444631
530150	306845	311458
475526	306845	608664
173711	306845	311366
173711	306845	316585
173711	306845	575750
173711	306845	316306
173711	306845	442835
173711	306845	617246
485023	306904	232474
244794	306904	107318
519130	306904	623915
519130	306904	611116
519130	306904	334733
519130	306904	130707
519130	306904	445781
519130	306904	620344
362949	437981	448687
362949	437981	103903
362949	437981	104688
282384	437981	103903
163380	306921	577964
451507	306951	130090
441212	306951	333419
603715	438044	346148
603715	438044	438863
572712	569145	438790
556402	569145	103926
314688	307007	118012
441378	307028	325306
441378	307028	325531
443532	307046	578712
446485	307046	580713
90041	307046	578712
321452	44930	61066
25208	44930	505455
282555	438146	621732
282555	438146	129511
331010	307096	308062
246693	307096	569648
280511	438171	448640
362949	438171	448687
362949	438171	103903
362949	438171	104688
207703	438171	345398
207703	438171	442081
207703	438171	104688
540041	44968	629526
323516	44968	347525
610553	307148	573744
586775	307205	442482
599907	438319	446676
84247	307254	440031
226929	438371	311621
226929	438371	439253
522404	438393	626149
249524	438393	324676
249524	438393	611947
249524	438393	577964
249524	438393	447469
249524	438393	445519
249524	438393	48181
249524	438393	315797
249524	438393	616606
328115	569511	98786
328115	569511	629133
90891	307371	330259
571201	569527	626424
571201	569527	573175
115093	569527	626424
476310	569527	439823
480994	569541	330222
153321	569541	331608
453387	438528	444432
453387	438528	626149
380127	438528	439985
592738	438528	308519
592738	438528	447871
592738	438528	581100
592738	438528	446431
325370	438528	440031
381915	307483	442990
614673	307488	338434
446273	438570	442148
382021	438579	449245
167945	307540	620343
167945	307540	327229
167945	307540	621949
288582	307561	69791
315768	307571	336491
595994	307606	442890
237816	307606	250860
595484	438690	442802
454276	438701	441932
604193	438728	447364
604193	438728	445643
604193	438728	445260
604193	438728	439437
604193	438728	445007
604193	438728	448245
377763	438728	105004
377763	438728	445260
377763	438728	444209
600229	438728	443493
600229	438728	447845
600229	438728	577125
600229	438728	439437
600229	438728	441400
383469	438728	443493
383469	438728	447364
383469	438728	447845
383469	438728	439437
383469	438728	444209
383469	438728	442069
383469	438728	103836
369553	438728	441400
369553	438728	442069
92084	438728	448640
92084	438728	581421
603226	438728	448795
453387	438783	444432
453387	438783	626149
599237	45568	103525
599237	45568	327241
599237	45568	98507
599237	45568	617687
599237	45568	125628
231100	45568	621732
231100	45568	331565
568522	438790	103926
377714	438790	103926
523466	569862	621958
207703	438807	345398
207703	438807	442081
207703	438807	104688
603715	438863	346148
183240	438863	354109
183240	438863	250860
183240	438863	607219
520010	438863	307884
585043	438863	440685
585043	438863	445392
162013	307818	67932
626433	307876	49763
319217	307876	317380
453387	307883	444432
453387	307883	626149
520010	307884	326376
520010	307884	317323
95021	438959	448439
593911	438959	442482
445663	439004	442802
357613	439004	442802
449979	439025	337602
449979	439025	313995
449979	439025	326224
473425	439053	448077
473425	439053	448017
455254	439053	112421
455254	439053	440534
181184	439077	448017
181184	439077	449245
446338	439077	448017
513160	439077	440059
449451	439077	449245
438833	439077	449245
266896	308022	445874
327827	308022	99200
327827	308022	309090
327827	308022	445858
327827	308022	347368
327827	308022	620234
327827	308022	313176
327827	308022	325596
471361	308062	310979
471361	308062	308094
471361	308062	490109
601747	308063	619911
601747	308063	612270
601747	308063	613647
169850	308063	341630
448390	45933	101537
448390	45933	494489
448390	45933	351258
82354	45933	341603
82354	45933	615655
82354	45933	442731
82354	45933	575628
82354	45933	613036
82354	45933	340122
82354	45933	108892
612574	45933	497040
177144	439165	439985
445663	439165	442802
449514	308134	440838
449514	308134	248908
449514	308134	574349
449514	308134	341104
449514	308134	439985
449514	308134	442107
449514	308134	446463
148419	439245	444899
226929	439253	311621
439942	439331	443800
113180	46128	343291
211763	439358	448969
211763	439358	329940
328238	439359	449280
328238	439359	445027
328238	439359	442148
328238	439359	439749
328238	439359	610437
328238	439359	444775
328238	439359	444140
328238	439359	447885
328238	439359	347062
328238	439359	447734
328238	439359	334137
328238	439359	439966
328238	439359	440031
158833	439359	448017
443812	439360	342684
322871	308302	104515
322871	308302	439538
370254	439405	440031
362380	439437	103903
376381	439437	447364
376381	439437	444209
376381	439437	441400
460163	46253	104924
167434	46253	129511
148144	46253	321817
148144	46253	74095
443361	570607	312787
296261	570607	311227
174901	570607	576128
174901	570607	448969
91031	570607	571560
91031	570607	333929
91031	570607	570719
442307	439538	331852
311413	439538	312787
322871	439538	104515
144427	308519	448795
592738	308519	447871
592738	308519	581100
592738	308519	446431
531457	46392	319265
531457	46392	333773
531457	46392	442482
531457	46392	53907
531457	46392	623574
531457	46392	328671
620296	308562	312950
251260	308562	318061
171678	308562	112421
171678	308562	626424
439969	439639	443800
290033	439639	328727
91031	570719	571560
91031	570719	333929
468891	570719	444432
380993	308576	103667
87107	308576	442623
541350	439686	444432
174901	439686	576128
174901	439686	448969
588538	439686	324221
441249	439749	620871
441249	439749	612183
441249	439749	612437
328238	439749	449280
328238	439749	445027
328238	439749	442148
328238	439749	610437
328238	439749	444775
328238	439749	444140
328238	439749	447885
328238	439749	440031
328238	439749	347062
328238	439749	447734
328238	439749	334137
328238	439749	439966
332842	308723	343580
167001	308723	448017
167001	308723	447482
521735	439803	621136
92554	439823	620871
92554	439823	442482
448566	439823	444691
476606	439823	312347
446273	439823	442148
597737	439823	621748
442847	308761	312787
588538	308761	324221
254169	439919	607219
254169	439919	324221
224444	439958	324816
528689	308893	612514
175065	308893	318119
224987	308893	343867
439613	308893	573794
328238	439966	449280
328238	439966	445027
328238	439966	442148
328238	439966	610437
328238	439966	444775
328238	439966	444140
328238	439966	447885
328238	439966	440031
328238	439966	347062
328238	439966	447734
328238	439966	334137
160397	439985	443890
330509	439985	448938
524188	439985	446680
524188	439985	440130
358825	439985	446581
293034	439985	578909
445118	439985	444475
280768	439985	446581
380743	439985	447095
380743	439985	446463
380127	439985	445303
380127	439985	98680
449514	439985	440838
449514	439985	248908
449514	439985	574349
449514	439985	341104
449514	439985	442107
449514	439985	446463
445183	439985	446680
283693	439986	621748
546326	571079	610440
147429	440031	449851
448652	440031	127158
221485	440031	447734
328238	440031	449280
328238	440031	445027
328238	440031	442148
328238	440031	610437
328238	440031	444775
328238	440031	444140
328238	440031	447885
328238	440031	347062
328238	440031	447734
328238	440031	334137
258237	440031	443038
271315	440031	449662
268534	440031	449662
325370	440031	442104
325370	440031	311421
75913	440059	440118
75801	440059	449245
382021	440059	449245
144427	440093	448795
478836	440093	442802
181184	440118	448017
181184	440118	449245
365912	440118	448017
460122	440118	449245
222047	46953	49763
313752	309116	444884
444413	309116	575988
224520	440202	325202
478836	440202	442802
313723	440202	318669
524520	309135	447451
530863	440207	576950
474104	309196	610113
474104	309196	445444
474104	309196	441416
474104	309196	612183
174901	440286	576128
174901	440286	448969
480507	309301	625188
95021	309305	448439
439904	309345	619911
439904	309345	621576
439904	309345	324297
439904	309345	615115
439904	309345	609517
439904	309345	611440
606371	440427	625188
546218	440427	625188
599711	440427	625188
510002	440427	625188
236726	440427	625188
480507	440427	625188
457550	47263	52321
234624	440487	444631
171906	571560	618015
91031	571560	333929
468891	571560	444432
271901	571560	576128
282895	309420	618024
282895	309420	311033
587128	440534	122998
292553	440534	122998
292553	440534	573794
583758	440534	122998
298166	440534	122998
211480	440534	447756
455254	440534	122998
455254	440534	97824
455254	440534	441504
455254	440534	442044
455254	440534	112421
455254	440534	446096
455254	440534	446257
455254	440534	324499
620759	440534	442893
620759	440534	442517
620759	440534	608664
620759	440534	449562
620759	440534	610087
620759	440534	575401
620759	440534	627119
620759	440534	344113
620759	440534	325689
620759	440534	610113
620759	440534	621435
620759	440534	582268
620759	440534	607230
362383	309512	449245
78184	309512	447482
522404	309524	626149
211801	309566	312787
333388	440674	443420
236297	440685	329940
585043	440685	445392
524098	440743	618015
446273	440743	442148
81608	440743	442482
81608	440743	612437
515999	440743	318146
207740	440786	442334
368503	440802	577134
459332	571877	448640
459332	571877	444655
459332	571877	330745
459332	571877	607230
164845	571877	448640
164845	571877	339480
164845	571877	331421
164845	571877	446623
164845	571877	319009
164845	571877	318119
164845	571877	447786
164845	571877	442284
164845	571877	312632
164845	571877	448323
164845	571877	448454
164845	571877	612550
164845	571877	577996
164845	571877	444115
164845	571877	446812
164845	571877	443883
164845	571877	98164
164845	571877	443893
164845	571877	623989
164845	571877	330745
527105	440829	326224
174901	440829	576128
174901	440829	448969
613372	440829	331401
613372	440829	338799
613372	440829	326224
613372	440829	321910
613372	440829	448151
613372	440829	446588
449514	440838	248908
449514	440838	574349
449514	440838	341104
449514	440838	442107
449514	440838	446463
620442	440838	341104
95863	440886	575988
443703	440886	349011
446273	309815	442148
445663	309815	442802
81608	309815	442482
81608	309815	612437
291575	309815	612437
255539	309815	442482
478836	309815	442802
612437	309815	442482
202787	47733	319367
521454	47733	624003
521454	47733	322054
521454	47733	576251
521454	47733	615581
589364	47733	440962
589364	47733	128324
589364	47733	61066
589364	47733	443786
589364	47733	628314
589364	440962	61066
453387	440974	444432
453387	440974	626149
319217	440991	317380
541796	441014	445636
512441	441014	320537
296003	309943	100328
151925	309943	54517
331968	441016	448969
513012	309950	442425
524296	441024	609105
516175	441024	609105
583297	572098	317380
583297	572098	349266
122086	572098	317380
160921	572098	317380
470176	441073	625388
319217	441073	317380
480505	441085	448787
267106	572179	325596
272357	572179	448019
261596	572179	325596
169260	310081	331852
162102	310081	442683
541350	441200	444432
605829	441210	348611
605829	441210	449638
605829	441210	442569
257210	441210	448077
460421	441216	333419
144427	441295	448795
590481	441295	442802
478836	441295	442802
327710	441295	131055
469580	441300	612202
469580	441300	336683
469580	441300	323629
469580	441300	232529
469580	441300	326962
469580	441300	447637
477716	310246	623337
249524	48181	324676
249524	48181	577964
249524	48181	447469
249524	48181	611947
249524	48181	445519
249524	48181	315797
249524	48181	616606
207703	441400	345398
207703	441400	442081
207703	441400	104688
81883	441400	442081
81883	441400	104688
376381	441400	447364
376381	441400	444209
474104	441416	610113
474104	441416	445444
474104	441416	612183
584715	441416	337633
588538	441416	324221
531678	441416	442683
455254	441504	112421
324260	441519	574504
324260	441519	607219
324260	441519	332758
533123	310465	574504
586989	310465	574504
158001	310465	448795
450422	310465	574504
219966	48370	65863
166812	441586	449073
167001	441611	448017
167001	441611	447482
445617	441683	323134
302504	48469	125587
627144	48469	577276
611388	48469	577276
445055	310628	579093
522919	441708	442802
612212	48520	577984
234679	48520	507234
311413	310674	312787
174901	310736	576128
174901	310736	448969
446273	441820	442148
445663	441820	442802
363941	441820	581100
92141	441820	612437
361225	441834	441932
372587	441834	441932
585594	441878	312787
311413	310821	312787
372994	441932	442866
454276	441932	607180
454276	441932	442866
620296	310871	312950
454583	442039	449073
167001	442039	448017
167001	442039	447482
455254	442044	112421
216153	442069	616540
362949	442069	448687
362949	442069	103903
362949	442069	104688
324260	442080	574504
324260	442080	607219
324260	442080	332758
327856	442080	574504
327856	442080	332758
84672	442081	350609
81883	442081	577125
81883	442081	104688
92489	442081	105004
207703	442081	340122
207703	442081	73764
207703	442081	444209
207703	442081	345398
207703	442081	312632
207703	442081	449343
207703	442081	574927
207703	442081	443493
207703	442081	443883
207703	442081	104688
207703	442081	446463
78357	442081	350609
333592	442089	112421
254169	442089	607219
254169	442089	324221
529531	442089	448688
237816	573175	250860
443361	573175	312787
571201	573175	626424
162102	573175	442683
167001	442104	448017
167001	442104	447482
365606	442107	448938
365606	442107	311421
449514	442107	574349
449514	442107	248908
449514	442107	341104
449514	442107	446463
290033	311049	328727
366514	311062	344622
366514	311062	347665
366514	311062	340211
518786	442148	448426
157068	442148	346273
157068	442148	448017
328238	442148	449280
328238	442148	445027
328238	442148	610437
328238	442148	444775
328238	442148	444140
328238	442148	447885
328238	442148	347062
328238	442148	447734
328238	442148	334137
74805	442148	101324
74805	442148	234134
449592	442148	311605
446273	442148	346273
446273	442148	449669
446273	442148	448142
446273	442148	445913
446273	442148	449599
446273	442148	328671
448321	442148	103836
443078	442148	328671
441930	442148	445444
441930	442148	611695
467935	442148	319374
467935	442148	311824
144427	442161	448795
589731	442168	328727
369065	311102	343580
369065	311102	507467
226698	311102	343580
553970	311102	343580
555061	311102	447482
178875	442186	129755
90274	442284	322316
164845	442284	448640
164845	442284	339480
164845	442284	331421
164845	442284	446623
164845	442284	319009
164845	442284	318119
164845	442284	447786
164845	442284	312632
164845	442284	448323
164845	442284	448454
164845	442284	612550
164845	442284	577996
164845	442284	444115
164845	442284	446812
164845	442284	443883
164845	442284	98164
164845	442284	443893
164845	442284	623989
164845	442284	330745
254169	311227	607219
254169	311227	324221
463881	442368	444631
167001	442382	448017
167001	442382	447482
539150	442399	324816
444413	311328	575988
220133	442425	241763
79434	442425	238783
597941	442425	449199
173711	311366	442835
328115	49259	98786
328115	49259	629133
592030	573551	442890
592030	573551	250860
592030	573551	318061
321376	442482	331421
531457	442482	319265
531457	442482	333773
531457	442482	53907
531457	442482	623574
531457	442482	328671
81608	442482	443649
81608	442482	449669
81608	442482	612437
81608	442482	443164
81608	442482	331421
81608	442482	328671
92554	442482	620871
92554	442482	316733
92554	442482	328671
586775	442482	102127
586775	442482	311951
586775	442482	444691
586775	442482	329631
593911	442482	616298
593911	442482	348619
593911	442482	573974
593911	442482	333304
593911	442482	318939
321817	442482	346948
321817	442482	620296
321817	442482	581197
321817	442482	339694
321817	442482	574834
321817	442482	337555
321817	442482	626424
321817	442482	575774
331421	442482	612437
331421	442482	446620
365606	311421	448938
369065	311421	507467
369065	311421	343580
618924	311421	101324
618924	311421	348204
478836	311421	442802
445663	573604	442802
590481	573604	442802
478836	573604	442802
605829	442569	449638
446127	442569	320099
299063	442569	336098
299063	442569	112421
168366	573650	325666
168366	573650	620445
168366	573650	444902
86390	573733	623337
318548	311605	492934
318548	311605	103836
167001	311605	448017
167001	311605	447482
162102	442683	335620
162102	442683	574121
162102	442683	338861
162102	442683	575473
162102	442683	577073
162102	442683	618043
323660	573774	241986
323660	573774	607877
439984	573774	442819
439984	573774	442858
439984	573774	330701
512179	573774	99012
512179	573774	624678
512179	573774	445075
512179	573774	607219
551707	573774	316733
331553	573788	69791
532431	573794	112421
311413	573794	312787
77289	442731	575988
90391	311678	449219
328601	311678	448640
328601	311678	442802
445663	311678	442802
357613	442802	342338
357613	442802	447871
478836	442802	449219
478836	442802	493828
478836	442802	446057
478836	442802	350388
478836	442802	318359
328601	442802	448640
328601	442802	577997
595484	442802	344768
595484	442802	444423
595484	442802	448142
595484	442802	444115
595484	442802	443164
595484	442802	328671
445663	442802	447364
445663	442802	449669
445663	442802	449292
445663	442802	614171
445663	442802	103836
445663	442802	581421
445663	442802	449219
445663	442802	349902
445663	442802	349012
445663	442802	448988
445663	442802	446431
445663	442802	347380
517837	311739	442819
517837	311739	607877
517837	311739	344182
254169	442819	607219
254169	442819	324221
159673	442819	347952
525574	442835	249806
173711	442835	316585
173711	442835	575750
173711	442835	617246
173711	442835	316306
441589	442835	249806
475349	442835	335014
475349	442835	626780
475349	442835	330590
475349	442835	315797
475349	442835	321173
475349	442835	617948
439839	442835	314968
463002	442858	620296
171678	442858	112421
171678	442858	626424
541350	442858	444432
91534	442890	99012
600782	442890	328111
583095	442890	445621
595994	442890	321829
595994	442890	575057
595994	442890	348348
592030	442890	444514
592030	442890	443851
592030	442890	250860
592030	442890	317786
592030	442890	318061
592030	442890	103738
442672	442893	618015
449619	442893	621748
168955	442893	611695
363396	311824	449814
95021	573974	448439
311413	573974	312787
220969	442914	447482
368020	442914	343580
167001	442914	448017
167001	442914	447482
96304	442977	443893
626433	49763	127944
607817	49763	627565
607817	49763	628052
607817	49763	507101
607817	49763	340286
585225	49763	628052
20221	49763	507101
222047	49763	336034
453387	311939	444432
453387	311939	626149
520984	311939	317386
520984	311939	448787
444858	311951	324221
144427	443038	448795
519100	443038	449630
384343	443038	449732
183240	574121	250860
183240	574121	607219
183240	574121	354109
208381	574179	580331
445216	312051	326540
81608	443164	612437
441524	443164	617780
440925	443164	445444
596222	312121	607219
440743	574270	348571
462027	443216	449732
603912	443263	574479
449514	574349	248908
449514	574349	341104
449514	574349	446463
590829	443288	443800
156026	443305	444631
452575	443305	623658
242947	574382	99004
486488	574382	576788
183240	574414	354109
183240	574414	250860
183240	574414	607219
172075	574414	578110
177646	574414	105782
79324	574414	312512
282693	50141	98786
306762	50141	498531
443018	312286	621719
447211	312286	327229
234624	312302	444631
483276	574479	253319
483276	574479	347525
483276	574479	326540
483276	574479	447469
483276	574479	444977
483276	574479	575473
483276	574479	577073
483276	574479	608374
483276	574479	332733
289712	574484	577369
289712	574484	616797
596954	574484	324816
596954	574484	342684
453387	312347	444432
453387	312347	626149
585594	312347	312787
311413	312347	312787
295171	574504	338799
324260	574504	111864
324260	574504	607877
324260	574504	327178
324260	574504	581197
324260	574504	323218
324260	574504	607219
324260	574504	332758
324260	574504	333535
533123	574504	353656
95498	574504	353656
287721	574504	337611
327856	574504	347523
327856	574504	577774
327856	574504	338799
327856	574504	347952
327856	574504	448688
327856	574504	332758
603750	312376	620440
596823	312376	614393
77562	312376	447451
548104	443489	130707
454844	443489	342595
454844	443489	445519
454844	443489	103187
297681	443489	445519
297681	443489	620344
297432	443489	445519
297432	443489	620344
166757	443489	317091
166757	443489	446058
622181	443489	611800
152434	443489	607811
152434	443489	318034
360452	443493	448687
360581	443493	448687
362949	443493	448687
362949	443493	103903
362949	443493	104688
207703	443493	345398
207703	443493	104688
179814	312512	337633
179814	312512	578343
179814	312512	349066
179814	312512	338254
179814	312512	352910
179814	312512	576214
179814	312512	343775
96170	312512	338254
79324	312512	338254
79324	312512	344063
292072	574669	105782
283558	443612	622189
322625	574706	344715
615810	574706	349902
81608	443649	612437
442672	574738	618015
74807	574738	618015
164845	312632	448640
164845	312632	339480
164845	312632	331421
164845	312632	446623
164845	312632	319009
164845	312632	318119
164845	312632	447786
164845	312632	448323
164845	312632	448454
164845	312632	612550
164845	312632	577996
164845	312632	444115
164845	312632	446812
164845	312632	443883
164845	312632	98164
164845	312632	443893
164845	312632	623989
164845	312632	330745
207703	312632	345398
207703	312632	104688
440743	574834	348571
113556	574834	312787
321817	574834	626424
167945	443786	620343
167945	443786	327229
167945	443786	621949
443028	443786	608555
443028	443786	317806
443028	443786	622683
443028	443786	621949
242861	443786	623658
242861	443786	608555
242861	443786	327229
242861	443786	621136
242861	443786	621949
589364	443786	61066
375739	443786	317806
440046	443786	623658
440046	443786	621949
597631	443786	623658
597631	443786	621949
439969	443800	614352
439969	443800	241875
439969	443800	328542
152100	443800	447095
542772	443800	446691
144789	443800	446691
144789	443800	326980
144789	443800	614352
144789	443800	241875
287800	443800	580304
186215	443810	625536
453387	443810	444432
453387	443810	626149
149901	443810	622189
94875	443810	324816
588538	443830	324221
592030	443851	250860
592030	443851	318061
207703	574927	345398
207703	574927	104688
443361	312787	623989
443361	312787	314365
123459	312787	319999
113556	312787	347870
311413	312787	575494
311413	312787	346890
311413	312787	618255
311413	312787	346149
311413	312787	347829
311413	312787	104778
311413	312787	98507
311413	312787	577997
311413	312787	448245
311413	312787	607230
585594	312787	620296
585594	312787	618067
442847	312787	612550
442847	312787	627119
442847	312787	319999
362949	443883	448687
362949	443883	103903
362949	443883	104688
164845	443883	448640
164845	443883	339480
164845	443883	331421
164845	443883	446623
164845	443883	319009
164845	443883	318119
164845	443883	447786
164845	443883	448323
164845	443883	448454
164845	443883	612550
164845	443883	577996
164845	443883	444115
164845	443883	446812
164845	443883	98164
164845	443883	443893
164845	443883	623989
164845	443883	330745
207703	443883	345398
207703	443883	104688
164845	443893	448640
164845	443893	339480
164845	443893	331421
164845	443893	446623
164845	443893	319009
164845	443893	318119
164845	443893	447786
164845	443893	448323
164845	443893	448454
164845	443893	612550
164845	443893	577996
164845	443893	444115
164845	443893	446812
164845	443893	98164
164845	443893	623989
164845	443893	330745
166812	443915	449073
157343	443952	328727
368126	443952	449814
320992	575042	626149
457460	443973	448426
620296	312950	353732
620296	312950	577774
601310	312950	250860
601310	312950	323502
623579	312984	445974
596954	444091	324816
596954	444091	342684
442060	444091	326524
442060	444091	618254
87543	444091	326906
164845	444115	448640
164845	444115	339480
164845	444115	331421
164845	444115	446623
164845	444115	319009
164845	444115	318119
164845	444115	447786
164845	444115	448323
164845	444115	448454
164845	444115	612550
164845	444115	577996
164845	444115	446812
164845	444115	98164
164845	444115	623989
164845	444115	330745
319265	444131	448439
453387	444140	444432
453387	444140	626149
328238	444140	449280
328238	444140	445027
328238	444140	444775
328238	444140	610437
328238	444140	447885
328238	444140	347062
328238	444140	447734
328238	444140	334137
449098	444186	317380
445869	444191	315214
445869	444191	449661
355878	444209	448687
207703	444209	345398
207703	444209	104688
376381	444209	447364
452184	51014	348794
589731	313176	328727
609038	51052	56778
441416	575401	579618
331292	444381	449292
331292	444381	449599
477986	575473	344805
477986	575473	346021
477986	575473	101823
483276	575473	347525
483276	575473	326540
320836	444423	611695
383510	444423	611695
587366	444429	238853
598112	444432	346149
598112	444432	328671
541350	444432	241986
453387	444432	74113
453387	444432	108422
453387	444432	445572
453387	444432	624772
453387	444432	580622
453387	444432	329631
453387	444432	332708
453387	444432	334118
453387	444432	576944
453387	444432	617533
453387	444432	317247
453387	444432	445503
453387	444432	339012
453387	444432	620869
453387	444432	322302
453387	444432	318034
453387	444432	323803
453387	444432	612447
453387	444432	338405
453387	444432	626149
453387	444432	446581
453387	444432	448245
453387	444432	580341
453387	444432	326910
453387	444432	323967
153264	444432	339863
468891	444432	314365
592030	444514	250860
592030	444514	318061
77289	575628	575988
183240	313493	354109
183240	313493	250860
183240	313493	607219
365912	444621	448017
464094	444621	448017
464094	444621	449245
123543	444631	322302
444585	444631	620445
616698	444631	328516
483896	444631	625040
459332	444655	448640
459332	444655	330745
459332	444655	607230
183292	444691	318484
321817	575774	626424
440743	575774	348571
515999	575774	318146
299897	575774	448323
320644	444750	626424
81916	444750	576128
81916	444750	318146
81916	444750	333929
622953	313696	72068
328238	444775	449280
328238	444775	445027
328238	444775	610437
328238	444775	447885
328238	444775	347062
328238	444775	447734
328238	444775	334137
515403	313720	620532
157343	313720	328727
378373	444884	449280
512990	444889	579618
543498	313820	244591
178287	313820	330222
168366	444902	325666
168366	444902	620445
231811	575988	627370
77289	575988	613036
77289	575988	579063
444413	575988	249709
183240	576001	354109
183240	576001	250860
183240	576001	607219
483276	444977	347525
483276	444977	326540
149901	444977	622189
452575	444977	623658
319655	576078	342633
362949	445007	448687
362949	445007	103903
362949	445007	104688
328238	445027	449280
328238	445027	610437
328238	445027	447885
328238	445027	347062
328238	445027	447734
328238	445027	334137
290341	576128	333929
523568	576128	318146
174901	576128	322760
174901	576128	448969
174901	576128	315698
174901	576128	607230
174901	576128	609816
207031	576128	326224
81916	576128	318146
81916	576128	333929
171906	313995	618015
243859	313995	250860
449979	313995	337602
449979	313995	326224
527582	313995	112421
171678	313995	112421
171678	313995	626424
223618	445075	315214
228744	445075	448338
512179	445075	99012
512179	445075	624678
512179	445075	607219
215158	445075	580754
121179	445075	330701
167001	445076	448017
167001	445076	447482
534184	445098	447482
179814	576214	337633
477716	576251	623337
181184	445191	448017
181184	445191	449245
319217	445214	317380
178418	314143	318146
454583	445251	449073
167001	445263	448017
167001	445263	447482
157343	445303	328727
534204	445303	317380
522404	314235	626149
447211	314235	327229
251170	314293	333570
216153	314314	616540
183868	314314	621958
444900	314317	448787
463812	576471	130090
144178	576471	333419
451507	576471	130090
167945	314354	327229
167945	314354	621949
167945	314354	620343
242861	314354	608555
242861	314354	623658
242861	314354	621136
242861	314354	621949
242861	314354	327229
594640	314354	249250
446066	314354	623658
446066	314354	317806
446066	314354	613296
446066	314354	621719
446066	314354	324958
597631	314354	623658
597631	314354	621949
441930	445444	611695
474104	445444	610113
474104	445444	612183
472672	314421	330623
453387	445503	626149
90274	314446	322316
173092	445518	241420
225803	445519	333850
249524	445519	324676
249524	445519	611947
249524	445519	577964
249524	445519	447469
249524	445519	315797
249524	445519	616606
297681	445519	620344
621152	445519	611947
606718	445519	614393
583297	52321	317380
583297	52321	349266
589731	52321	328727
208560	52321	59369
442810	52321	316317
243135	52321	581683
317680	52321	349862
282258	52350	98786
453387	445572	626149
167001	445572	447482
167001	445572	448017
597487	445621	112421
319286	445621	324757
595413	314558	607230
523614	314558	324221
362380	445643	103903
300778	576788	99004
587758	576788	99004
171710	445761	621748
442276	445781	324816
91824	445781	333850
519130	445781	623915
519130	445781	611116
519130	445781	334733
519130	445781	620344
519130	445781	130707
585717	445781	333850
438906	445781	333850
289991	576870	352318
601758	576870	352318
453387	576944	626149
596495	576944	612527
589731	445874	328727
319217	445874	317380
478962	445874	350184
478962	445874	387701
476426	577073	318669
483276	577073	347525
483276	577073	326540
463953	577073	318669
166812	446020	449073
382021	446020	449245
329940	314963	448688
375918	577125	103903
282384	577125	103903
372632	577125	345398
81883	577125	104688
144427	446057	448795
455254	446096	112421
92185	446107	318061
595810	446145	238652
595810	446145	318669
447693	446145	324816
550740	446145	318669
299897	446252	448323
455254	446257	112421
171710	446259	621748
481213	446279	448439
445869	315214	449661
289712	577369	616797
377198	446314	449280
447369	577445	620343
144427	577445	448795
82455	577445	108247
82455	577445	624158
530099	446400	448017
592738	446431	581100
592738	446431	447871
355878	446463	448687
449514	446463	248908
449514	446463	341104
207703	446463	345398
207703	446463	104688
323516	315408	347525
284241	577598	250860
453387	446581	626149
613372	446588	331401
613372	446588	338799
613372	446588	326224
613372	446588	321910
613372	446588	448151
211763	315548	448969
211763	315548	329940
254169	315548	607219
254169	315548	324221
331421	446620	612437
164845	446623	448640
164845	446623	339480
164845	446623	331421
164845	446623	319009
164845	446623	318119
164845	446623	447786
164845	446623	448323
164845	446623	448454
164845	446623	612550
164845	446623	577996
164845	446623	446812
164845	446623	98164
164845	446623	623989
164845	446623	330745
208141	446662	449245
178958	446662	448017
167001	446662	448017
167001	446662	447482
164558	446676	447196
327856	577774	332758
445153	315633	321430
445153	315633	315797
167945	577818	327229
167945	577818	621949
167945	577818	620343
440046	577818	623658
440046	577818	621949
521496	577818	608555
592797	577818	616229
285728	315698	347653
174901	315698	448969
147113	446806	65863
164845	446812	448640
164845	446812	339480
164845	446812	331421
164845	446812	319009
164845	446812	318119
164845	446812	447786
164845	446812	448323
164845	446812	448454
164845	446812	612550
164845	446812	577996
164845	446812	98164
164845	446812	623989
164845	446812	330745
445153	315797	321430
249524	315797	324676
249524	315797	611947
249524	315797	577964
249524	315797	447469
249524	315797	616606
475349	315797	335014
524577	577964	623658
524577	577964	324816
303656	577964	342684
543530	577964	318865
249524	577964	324676
249524	577964	611947
249524	577964	447469
249524	577964	616606
470496	577980	318669
470496	577980	623290
470496	577980	346948
448111	577980	620296
448111	577980	337555
448111	577980	321817
282258	53702	98786
95021	577997	448439
328601	577997	448640
90274	577996	322316
164845	577996	448640
164845	577996	339480
164845	577996	331421
164845	577996	319009
164845	577996	318119
164845	577996	447786
164845	577996	448323
164845	577996	448454
164845	577996	612550
164845	577996	98164
164845	577996	623989
164845	577996	330745
447685	315914	608555
220745	315914	324816
603402	315914	614393
281844	578066	578278
281844	578066	351119
441524	447014	617780
249681	578110	581738
516567	578110	448640
74755	447113	617125
531457	53907	319265
531457	53907	333773
531457	53907	623574
531457	53907	328671
212585	316065	326902
181184	447196	448017
181184	447196	449245
538118	447196	449245
179814	578343	337633
183240	578343	354109
183240	578343	250860
183240	578343	607219
438780	578343	342038
487627	54064	329358
356153	447298	616046
178287	447298	330222
381959	447332	615195
537864	447332	448813
441524	447358	617780
355878	447364	448687
589682	578521	337915
524520	447451	582108
297195	447451	616593
297195	447451	447664
297195	447451	617948
90104	447451	616593
77269	447451	447664
77269	447451	611860
77269	447451	449628
83477	447451	324297
76632	447451	611639
77562	447451	447664
372665	578524	448640
449601	447469	318669
483276	447469	347525
483276	447469	326540
448243	447469	319503
249524	447469	324676
249524	447469	611947
249524	447469	616606
472198	447482	105862
522663	447482	105862
589353	447482	447885
167001	447482	624230
167001	447482	448017
167001	447482	449662
167001	447482	621279
541168	447482	617820
553848	447482	609105
119361	578558	348628
535651	578563	333850
280320	54294	57073
441212	447538	333419
177675	316517	323351
177675	316517	240294
537207	578693	614393
469580	447637	612202
469580	447637	336683
469580	447637	323629
469580	447637	232529
469580	447637	326962
546245	316590	343756
84840	447664	617948
219966	578738	65863
363260	316648	236068
98191	54517	67229
220059	54517	67229
325790	54517	344409
362380	447734	103903
355878	447734	448687
328238	447734	449280
328238	447734	610437
328238	447734	447885
328238	447734	347062
328238	447734	334137
164845	447786	448640
164845	447786	339480
164845	447786	331421
164845	447786	319009
164845	447786	318119
164845	447786	448323
164845	447786	448454
164845	447786	612550
164845	447786	98164
164845	447786	623989
164845	447786	330745
268379	447786	103903
535600	316720	232353
92554	316733	620871
515999	316733	318146
362949	447845	448687
362949	447845	103903
362949	447845	104688
592738	447871	581100
365833	447871	344768
328238	447885	449280
328238	447885	610437
328238	447885	347062
328238	447885	334137
589731	447924	328727
181184	448017	449245
597528	448017	344821
157068	448017	346273
83597	448017	617593
473425	448017	448077
167001	448017	624230
167001	448017	449662
167001	448017	621279
464094	448017	449245
330862	579093	621958
592014	448088	449814
515900	448088	449814
171906	448151	618015
613372	448151	331401
613372	448151	338799
613372	448151	326224
613372	448151	321910
440046	579311	623658
440046	579311	621949
528906	448245	620871
453387	448245	626149
589731	448297	328727
590566	448297	328727
376332	448297	328727
319217	448297	317380
481562	317243	625188
461220	317247	327229
167945	317247	620343
167945	317247	327229
167945	317247	621949
453387	317247	626149
447211	317247	327229
535600	317247	232353
461117	317247	327229
461117	317247	608555
164845	448323	448640
164845	448323	339480
164845	448323	331421
164845	448323	319009
164845	448323	318119
164845	448323	448454
164845	448323	612550
164845	448323	98164
164845	448323	623989
164845	448323	330745
222027	448338	623505
552637	448338	335620
83139	317291	331852
441774	448397	323423
590701	448397	323423
211763	317340	448969
211763	317340	329940
438622	317340	350822
95021	448439	346890
95021	448439	97824
95021	448439	579617
95021	448439	249521
95021	448439	347830
95021	448439	245240
95021	448439	348619
95021	448439	582100
95021	448439	340841
95021	448439	333304
95021	448439	607230
481213	448439	319333
481213	448439	616298
481213	448439	624492
481213	448439	333304
481213	448439	607230
600250	448439	319265
600250	448439	333929
319805	448439	348872
85471	448439	334830
583297	317380	349266
583297	317380	347062
449098	317380	618024
319217	317380	330819
319217	317380	618024
319217	317380	618092
319217	317380	449133
319217	317380	617652
319217	317380	449365
319217	317380	347062
319217	317380	626846
319217	317380	449469
152501	317380	230475
164845	448454	448640
164845	448454	339480
164845	448454	331421
164845	448454	319009
164845	448454	318119
164845	448454	612550
164845	448454	98164
164845	448454	623989
164845	448454	330745
90228	448457	350822
520984	317386	448787
306762	579542	498531
208615	579618	616413
441416	579618	344768
441416	579618	347987
6743	579618	339863
512990	579618	339863
512990	579618	329620
314013	448640	493828
361777	448640	339480
92084	448640	581421
459332	448640	330745
459332	448640	607230
516567	448640	346523
164845	448640	339480
164845	448640	331421
164845	448640	319009
164845	448640	318119
164845	448640	612550
164845	448640	98164
164845	448640	623989
164845	448640	330745
355878	448687	103836
360581	448687	103836
362949	448687	103836
362949	448687	105004
362949	448687	449343
362949	448687	103903
362949	448687	104688
440187	448687	105459
327856	448688	332758
115078	55504	249709
309398	55504	349011
588538	448768	324221
440673	448787	620676
144427	448795	333955
144427	448795	624884
144427	448795	608092
486038	448795	335401
293300	448807	346314
157343	448813	328727
592030	317786	250860
592030	317786	318061
447211	317806	327229
446066	317806	623658
446066	317806	613296
446066	317806	621719
446066	317806	324958
443028	317806	608555
443028	317806	622683
443028	317806	621949
587679	317806	622189
443809	317807	327721
81896	55708	59937
85593	448938	323803
458055	448969	333535
467342	448969	624678
467342	448969	331968
211763	448969	331968
211763	448969	624678
211763	448969	607336
211763	448969	323502
211763	448969	105234
211763	448969	619795
211763	448969	329940
211763	448969	333535
174901	448969	322760
174901	448969	607230
174901	448969	609816
183240	580049	354109
183240	580049	250860
183240	580049	607219
82934	449003	617022
359037	449037	449599
454583	449073	105862
589731	449086	328727
330862	449086	621958
617211	449086	328727
453387	318034	626149
77898	318061	582268
77898	318061	328671
92185	318061	347523
92185	318061	334533
92185	318061	607336
92185	318061	103738
251260	318061	610440
251260	318061	324757
251260	318061	622838
251260	318061	333884
592030	318061	250860
592030	318061	103738
450444	449133	620532
450444	449133	347065
164845	318119	339480
164845	318119	331421
164845	318119	319009
164845	318119	612550
164845	318119	98164
164845	318119	623989
164845	318119	330745
329928	449199	612726
207369	318146	326245
448362	318146	333929
81916	318146	333929
75518	318146	328671
515999	318146	333929
515999	318146	338799
515999	318146	352660
383510	449219	611695
618043	580296	108975
451075	449245	338096
451075	449245	620871
451075	449245	346707
451075	449245	353875
451075	449245	57365
382021	449245	99776
453387	580341	626149
164107	449274	613663
328238	449280	610437
328238	449280	347062
328238	449280	334137
441277	449280	103836
86242	449280	348571
331292	449292	449599
524577	318260	623658
524577	318260	324816
356842	318260	623658
356842	318260	621949
447211	318260	327229
585418	318260	621949
440046	318260	623658
440046	318260	621949
362949	449343	103903
362949	449343	104688
207703	449343	345398
207703	449343	104688
617211	449365	328727
480994	449381	330222
537758	318359	334852
179093	318421	252730
453387	580622	626149
524577	318545	623658
524577	318545	324816
441220	318545	621949
167945	318545	327229
167945	318545	621949
167945	318545	620343
356842	318545	623658
356842	318545	621949
440046	318545	623658
440046	318545	621949
597631	318545	623658
597631	318545	621949
605829	449638	348611
447211	449665	327229
81608	449669	612437
575651	56480	71320
436925	56480	628935
470496	318669	346948
470496	318669	623290
595810	318669	238652
449601	318669	342703
550740	318669	102489
286236	318669	59641
286236	318669	339694
446586	318745	130090
447199	318745	130090
220225	449918	613663
479488	318865	616540
516729	318865	616540
532716	449945	323134
183240	581045	354109
183240	581045	250860
183240	581045	607219
218460	318918	629526
448171	319009	250860
164845	319009	339480
164845	319009	331421
164845	319009	612550
164845	319009	98164
164845	319009	623989
164845	319009	330745
150465	319027	321045
150465	319027	617913
324260	581197	607219
324260	581197	332758
321817	581197	626424
531457	319265	333773
531457	319265	623574
531457	319265	328671
74755	581496	617125
462001	319374	617780
451075	57365	620871
535600	319523	232353
86096	581683	346523
219966	581865	65863
182762	582091	609105
182762	582091	319987
182762	319987	609105
87597	319987	334185
300786	319987	334185
298709	319987	334185
464891	319987	334185
284318	319987	334185
584715	319999	337633
527582	319999	112421
171678	319999	112421
171678	319999	626424
169556	320109	331852
243859	582268	250860
84152	58169	629133
314650	58432	100328
211475	321007	607312
150465	321045	617913
475349	321173	335014
113925	59612	321849
171678	321817	626424
171678	321817	112421
84062	321849	609788
96640	59743	626424
613372	321910	331401
613372	321910	338799
613372	321910	326224
477716	321914	623337
477716	322054	623337
183311	59937	110738
167945	322280	620343
167945	322280	327229
167945	322280	621949
447211	322280	327229
440046	322280	623658
440046	322280	621949
453387	322302	626149
285425	322302	338405
90274	322316	102990
90274	322316	620182
438973	322316	619443
441557	322473	328671
286887	60467	341630
296895	323123	507467
416097	61066	507234
414405	61066	507234
117510	61066	71774
414924	61066	507234
414989	61066	507234
414989	61066	72550
321452	61066	244227
321452	61066	101823
589364	61066	128324
589364	61066	628314
324260	323218	607219
324260	323218	332758
177675	323351	240294
543367	323423	616606
592521	323423	612270
482988	323423	616606
221749	323423	336897
171206	323423	335436
534731	323423	619911
211763	323502	329940
601310	323502	250860
219966	323516	65863
595117	323589	349011
469580	323629	612202
469580	323629	336683
469580	323629	232529
469580	323629	326962
453387	323803	626149
477716	323915	623337
453387	323967	626149
179093	324106	252730
510988	324221	97824
444858	324221	241986
511641	324221	97824
254169	324221	627172
254169	324221	333929
254169	324221	607219
588538	324221	335479
518653	324221	620902
523614	324221	124772
523614	324221	333304
439904	324297	619911
439904	324297	621576
439904	324297	615115
439904	324297	609517
439904	324297	611440
596823	324297	614393
466031	324499	110738
455254	324499	112421
535600	324539	232353
249524	324676	611947
249524	324676	616606
447211	324676	327229
606723	324816	236680
539150	324816	242759
539150	324816	348743
539150	324816	328467
94875	324816	609057
524577	324816	623658
524577	324816	613296
524577	324816	337142
524577	324816	324958
442276	324816	609057
442276	324816	611116
218167	324816	614536
220745	324816	242759
596954	324816	325254
596954	324816	616845
596954	324816	233723
596954	324816	342684
604130	324816	236680
377701	324816	236068
230249	324816	236068
526329	324816	332173
371552	324958	623658
524577	324958	623658
356842	324958	623658
356842	324958	621949
242861	324958	623658
242861	324958	608555
242861	324958	621136
242861	324958	621949
242861	324958	327229
446066	324958	623658
446066	324958	613296
446066	324958	621719
585621	324958	623658
283129	324958	623658
384058	324958	623658
587076	325202	493828
323516	63091	347525
596954	325254	342684
617211	325254	328727
439201	325306	329432
441378	325306	325531
328115	63288	98786
328115	63288	629133
167945	325510	620343
167945	325510	327229
167945	325510	621949
251170	325531	333570
590566	325599	328727
168366	325666	620445
326992	325699	627397
468945	326184	622313
532431	326224	112421
449979	326224	337602
613372	326224	331401
613372	326224	338799
442060	326524	618254
77761	326540	607515
483276	326540	347525
483276	326540	253319
483276	326540	608374
483276	326540	332733
448780	326540	607515
444699	326540	334352
179093	326675	252730
447199	326675	130090
444574	326856	621949
94607	326902	616855
94607	326902	619669
94607	326902	327575
94607	326902	334265
94607	326902	620797
163362	326902	240294
320306	326902	238764
444375	326902	238764
541921	326902	620797
315766	326902	620797
280953	326902	238764
453387	326910	626149
469580	326962	612202
469580	326962	336683
469580	326962	232529
74807	327037	618015
324260	327178	332758
324260	327178	607219
459302	327229	608555
167945	327229	616229
167945	327229	334475
167945	327229	622683
167945	327229	621949
167945	327229	620343
167945	327229	621719
167945	327229	104733
447211	327229	334475
447211	327229	334118
447211	327229	333504
447211	327229	614594
447211	327229	330453
447211	327229	622683
447211	327229	618212
447211	327229	626042
242861	327229	614594
242861	327229	616229
242861	327229	608555
242861	327229	105900
242861	327229	623658
242861	327229	235182
242861	327229	621136
242861	327229	621949
242861	327229	330453
242861	327229	235414
242861	327229	345469
441977	327229	608555
442260	327229	622683
442260	327229	621949
359129	327229	608555
461117	327229	333504
461117	327229	334475
461117	327229	608555
461117	327229	235414
614750	327229	331556
599237	327241	103525
599237	327241	98507
599237	327241	617687
599237	327241	125628
94607	327575	619669
94607	327575	616855
94607	327575	334265
94607	327575	620797
218460	327800	629526
480507	327977	625188
147113	65863	626646
219966	65863	99224
219966	65863	336683
219966	65863	102444
219966	65863	108975
219966	65863	340286
219966	65863	615107
219966	65863	233074
541261	328122	620440
449083	328122	622237
480705	328467	236068
447190	328467	609517
541672	328467	332173
531457	328671	333773
531457	328671	623574
92554	328671	620871
90943	328671	620871
81608	328671	612437
285070	328727	351162
157343	328727	614352
157343	328727	241875
157343	328727	329587
157343	328727	238652
589731	328727	331448
589731	328727	329587
599496	328727	349862
617211	328727	246759
617211	328727	349862
617211	328727	350184
617211	328727	612527
617211	328727	387701
617211	328727	331448
535600	329454	232353
522404	329539	626149
597631	329539	623658
597631	329539	621949
521496	329560	608555
487164	329560	621136
515403	329587	620532
289706	329631	623804
453387	329631	626149
211763	329940	105234
211763	329940	619795
211763	329940	624678
211763	329940	331968
211763	329940	333535
211763	329940	607336
165069	67932	102989
178287	330222	244591
178287	330222	609171
178287	330222	611573
282693	68092	98786
242861	330453	623658
242861	330453	608555
242861	330453	621136
242861	330453	621949
372691	330453	612971
372691	330453	616845
452575	330453	623658
475349	330590	335014
179093	330626	252730
539963	330710	333388
459332	330745	607230
164845	330745	339480
164845	330745	331421
164845	330745	612550
164845	330745	98164
164845	330745	623989
519896	330866	240505
613372	331401	338799
81608	331421	612437
164845	331421	339480
164845	331421	612550
164845	331421	98164
164845	331421	623989
440046	331448	623658
440046	331448	621949
441983	331448	232353
449579	331608	622313
537821	331608	622313
515070	331608	622313
75333	331655	623337
300206	331655	623337
509760	69706	236683
144408	69706	236683
83139	331852	347987
442307	331852	108593
78617	331878	619936
90888	331968	607877
90888	331968	607336
176572	332045	626780
323516	69937	347525
218460	70395	629526
453387	332708	626149
483276	332733	347525
324260	332758	111864
324260	332758	607877
324260	332758	607219
324260	332758	333535
327856	332758	347523
327856	332758	338799
327856	332758	347952
383360	333419	615119
383360	333419	235709
460421	333419	613769
460421	333419	615119
460421	333419	235709
144178	333419	237989
144178	333419	615119
441212	333419	613769
441212	333419	235709
225858	333504	622189
330453	333504	622189
587679	333504	622189
461117	333504	608555
452575	333504	623658
324260	333535	607219
148379	333535	607219
531457	333773	623574
365799	333850	611116
313870	333850	611116
355413	333850	242759
585717	333850	242759
585717	333850	623915
585717	333850	611116
438906	333850	623915
148379	333884	607219
254169	333929	607219
453387	334118	626149
328238	334137	610437
328238	334137	347062
421849	72068	628178
443627	334265	611342
94607	334265	616855
94607	334265	619669
94607	334265	620797
179093	334265	252730
451507	334325	130090
521735	334352	621136
167945	334475	621949
167945	334475	620343
461117	334475	608555
462001	334533	617780
519130	334733	623915
519130	334733	611116
519130	334733	620344
519130	334733	130707
522404	334736	626149
216153	334736	616540
217258	334852	616298
475349	335014	626780
475349	335014	617948
440046	335275	623658
440046	335275	621949
448171	335607	250860
207703	73764	345398
207703	73764	104688
373520	336098	97006
299063	336098	112421
520737	336197	337079
455654	336197	345056
581031	336197	343646
453387	74113	626149
218298	74298	236683
617388	336683	351106
469580	336683	612202
469580	336683	232529
570648	336966	348794
229620	337079	344409
229620	337079	337107
229620	337107	344409
605329	337142	625895
605329	337142	623658
524577	337142	623658
604515	337142	623658
315793	337385	108911
292072	337443	105782
321817	337555	626424
179814	337633	349066
179814	337633	338254
179814	337633	352910
179814	337633	343775
584715	337633	97006
97006	337633	349066
364126	337633	97006
440903	337773	345398
522542	337915	347205
290001	337915	246851
428593	337915	347205
438803	338021	347342
451075	338096	620871
451404	338096	620871
87241	338180	340864
317427	338180	340864
368425	338308	349807
553148	338308	105782
540041	338354	629526
453387	338405	626149
449238	338405	234198
76944	338799	231445
218298	338861	236683
453387	339012	626149
164845	339480	612550
164845	339480	98164
164845	339480	623989
321817	339694	626424
207703	340122	104688
207703	340122	345398
366514	340211	344622
366514	340211	347665
449514	341104	248908
563673	341446	345343
563673	341446	348333
286887	341630	507489
286887	341630	99723
242410	342684	346386
296560	342684	238853
596954	342684	616845
596954	342684	233723
444123	342684	238853
444123	342684	242410
447373	342703	349641
217939	343017	491076
369065	343580	507467
226698	343580	621279
553970	343580	620433
14118	343756	344063
291919	343756	349935
183240	344063	250860
183240	344063	607219
183240	344063	354109
330862	344267	621958
366514	344622	347665
383510	344768	611695
307552	344779	346948
435503	344779	387141
446204	344779	346948
295839	344779	345398
477986	344805	346021
477986	344805	101823
535600	607180	232353
455654	345056	490109
455654	345056	354014
324260	607219	111864
324260	607219	607877
183240	607219	347401
183240	607219	354109
183240	607219	250860
512179	607219	99012
512179	607219	624678
583766	607219	347523
254169	607219	627172
148379	607219	349696
550341	345156	507467
551086	607312	614393
543446	607312	627122
90888	607336	607877
563673	345343	348333
207703	345398	104688
242861	345469	623658
242861	345469	608555
242861	345469	621136
242861	345469	621949
440743	345518	348571
313387	345518	348571
32820	345518	351102
477986	346021	101823
440046	346168	623658
440046	346168	621949
577339	346222	352318
483276	608374	347525
323516	608374	347525
447685	608555	616229
242861	608555	614594
242861	608555	616229
242861	608555	623658
242861	608555	105900
242861	608555	235182
242861	608555	621136
242861	608555	621949
242861	608555	235414
443028	608555	622683
443028	608555	621949
521496	608555	105248
461117	608555	235414
451075	346707	620871
452575	346707	623658
445089	609057	236068
321817	346948	626424
583297	347062	349266
328238	347062	610437
450444	347065	620532
450444	347065	246363
602767	347065	618092
472754	347065	618092
595117	347205	349011
439904	609517	619911
439904	609517	621576
439904	609517	615115
439904	609517	611440
183240	347401	354109
183240	347401	250860
483276	347525	253319
323516	347525	101823
323516	347525	627735
74755	610021	617125
84152	347928	629133
462001	610113	617780
474104	610113	612183
618924	348204	101324
162585	610669	611800
255753	610744	252730
277875	610744	252730
274939	610744	252730
452184	348794	621298
168323	610969	351106
519130	611116	623915
519130	611116	620344
519130	611116	130707
595117	349011	127934
204723	611389	625583
591286	611389	617533
591286	611389	612447
588811	349266	615197
439904	611440	619911
439904	611440	621576
439904	611440	615115
383510	611695	612183
249524	611947	616606
441249	612183	620871
441249	612183	612437
448391	612183	620871
619384	612183	620871
263512	612183	620871
469580	612202	232529
515403	350184	620532
478962	350184	387701
363260	612379	236068
441249	612437	620871
453387	612447	626149
591286	612447	617533
164845	612550	98164
164845	612550	623989
441524	350822	617780
283558	612971	622189
372691	612971	616845
330453	612971	622189
82587	612971	621136
452575	612971	623658
84152	613036	629133
440961	613043	620532
180095	613043	625388
524577	613296	623658
446066	613296	623658
446066	613296	621719
434097	351579	507467
333419	613769	231972
75333	613824	623337
123294	613824	623337
147014	352114	621958
596823	614393	620314
606718	614393	614806
242861	614594	623658
242861	614594	621136
242861	614594	621949
481562	614796	625188
470398	614806	625388
93388	614806	619911
93388	614806	617652
270147	352757	129727
439904	615115	619911
439904	615115	621576
81854	615119	130090
451404	353059	620871
477716	615581	623337
451075	353875	620871
355584	616229	621949
522404	616229	626149
167945	616229	620343
167945	616229	621949
356842	616229	623658
356842	616229	621949
242861	616229	623658
242861	616229	621136
242861	616229	621949
535600	616229	232353
183240	354109	250860
95235	616540	627100
216153	616540	624884
216153	616540	620982
216153	616540	623290
94607	616855	619669
94607	616855	620797
605011	616855	232353
144784	617022	627397
155382	617121	237586
74755	617125	253756
453387	617533	626149
93388	617652	619911
599237	617687	103525
599237	617687	98507
599237	617687	125628
449804	617780	624366
521944	617780	624366
568862	617780	624366
171710	617848	621748
156114	618067	623804
171678	618067	112421
171678	618067	626424
94607	619669	620797
439904	619911	621576
219580	619936	253319
321817	620296	626424
603750	620314	620440
167945	620343	621719
167945	620343	104733
167945	620343	622683
167945	620343	621949
82253	620343	101639
519130	620344	623915
519130	620344	130707
553306	620440	622834
519282	620445	626846
515403	620532	387701
450444	620532	246363
444329	620753	234062
453387	620869	626149
480507	621105	625188
242861	621136	105900
242861	621136	623658
242861	621136	235182
242861	621136	621949
242861	621136	235414
527582	621298	112421
171678	621298	112421
171678	621298	626424
167945	621719	621949
440046	621719	623658
440046	621719	621949
446066	621719	623658
167945	621949	104733
167945	621949	622683
442260	621949	622683
443028	621949	622683
242861	621949	235414
242861	621949	623658
242861	621949	105900
242861	621949	235182
284847	621949	102384
284847	621949	104733
454589	621949	235414
356842	621949	623658
356842	621949	235182
440046	621949	246159
440046	621949	105248
440046	621949	249250
440046	621949	623658
440046	621949	230475
440046	621949	622683
440046	621949	105343
367343	621949	623658
597631	621949	249250
597631	621949	623658
523466	621958	238783
183868	621958	623915
455254	97824	112421
324221	97824	104515
324221	97824	108239
324221	97824	245240
606920	98099	103888
534766	98099	103888
294862	98099	103888
287153	98099	103888
164845	98164	623989
440046	622683	623658
599237	98507	103525
599237	98507	125628
282258	98786	627370
328115	98786	629133
477716	623337	100237
477716	623337	628314
168818	623341	242759
294610	623341	107318
145893	99224	130829
90528	99293	100328
604515	623658	625895
356842	623658	235182
242861	623658	105900
242861	623658	235182
242861	623658	235414
440046	623658	105248
440046	623658	249250
440046	623658	230475
440046	623658	246159
440046	623658	105343
597631	623658	249250
605329	623658	625895
218298	623798	236683
519130	623915	130707
448996	623915	232474
318548	492934	103836
82455	624158	108247
94370	624230	104924
620043	100328	103888
453387	624772	626149
480507	625188	626974
291872	101063	103888
620921	101063	103888
369914	101063	103888
527216	101063	103888
103888	101063	104760
103888	101063	107678
538939	101063	103888
535600	232353	105900
535600	232353	237145
453387	626149	108422
171678	626424	112421
296895	234134	507467
326992	627397	128832
599237	103525	125628
592030	103738	250860
247033	497040	498531
362949	103836	103903
362949	103836	104688
606920	103888	107491
362949	103903	105004
362949	103903	104688
282384	103903	105004
324221	104515	108239
324221	104515	245240
451507	235709	130090
81854	235709	130090
362949	104688	105004
103888	104760	107678
594414	105459	240505
119479	106020	106022
464622	237989	130090
324221	108239	245240
603727	112421	250860
455254	112421	122998
24694	127031	129727
351305	127200	130090
464622	127200	130090
318745	127200	130090
